{
  "matrix_0100x030": {
    "cobertura": 123591.0,
    "cobertura_percentual": 84.09553295002212,
    "iteracoes": 60,
    "tempo_execucao": 0.07283568382263184,
    "posicoes_bases": [
      10,
      17,
      19,
      23,
      26
    ]
  },
  "matrix_0200x040": {
    "cobertura": 145935.0,
    "cobertura_percentual": 71.21455375921688,
    "iteracoes": 160,
    "tempo_execucao": 0.3024463653564453,
    "posicoes_bases": [
      2,
      3,
      6,
      32,
      37
    ]
  },
  "matrix_0300x050": {
    "cobertura": 276336.0,
    "cobertura_percentual": 71.3062595798046,
    "iteracoes": 300,
    "tempo_execucao": 0.7489814758300781,
    "posicoes_bases": [
      20,
      24,
      30,
      33,
      46
    ]
  },
  "matrix_0400x060": {
    "cobertura": 405918.0,
    "cobertura_percentual": 78.63854221960472,
    "iteracoes": 480,
    "tempo_execucao": 1.8163628578186035,
    "posicoes_bases": [
      23,
      26,
      31,
      32,
      37,
      43
    ]
  },
  "matrix_0500x070": {
    "cobertura": 444472.0,
    "cobertura_percentual": 77.21299970120423,
    "iteracoes": 700,
    "tempo_execucao": 3.9732303619384766,
    "posicoes_bases": [
      23,
      27,
      30,
      31,
      35,
      36,
      43
    ]
  },
  "matrix_0600x080": {
    "cobertura": 590468.0,
    "cobertura_percentual": 79.60257222589212,
    "iteracoes": 960,
    "tempo_execucao": 8.890247106552124,
    "posicoes_bases": [
      35,
      38,
      42,
      57,
      62,
      66,
      67,
      79
    ]
  },
  "matrix_0700x090": {
    "cobertura": 746418.0,
    "cobertura_percentual": 84.24458783336136,
    "iteracoes": 1260,
    "tempo_execucao": 17.267677545547485,
    "posicoes_bases": [
      12,
      32,
      37,
      38,
      44,
      55,
      68,
      73,
      89
    ]
  },
  "matrix_0800x100": {
    "cobertura": 782191.0,
    "cobertura_percentual": 85.45098801793377,
    "iteracoes": 1600,
    "tempo_execucao": 30.277305841445923,
    "posicoes_bases": [
      10,
      36,
      46,
      80,
      82,
      85,
      88,
      89,
      94,
      97
    ]
  },
  "matrix_0900x110": {
    "cobertura": 854886.0,
    "cobertura_percentual": 85.35425240671184,
    "iteracoes": 1980,
    "tempo_execucao": 52.92303538322449,
    "posicoes_bases": [
      1,
      4,
      9,
      33,
      62,
      65,
      74,
      83,
      91,
      103,
      108
    ]
  },
  "matrix_1000x120": {
    "cobertura": 1029455.0,
    "cobertura_percentual": 86.47575926851499,
    "iteracoes": 2400,
    "tempo_execucao": 89.31805229187012,
    "posicoes_bases": [
      1,
      17,
      21,
      23,
      26,
      33,
      48,
      53,
      71,
      89,
      95,
      104
    ]
  },
  "matrix_1200x130": {
    "cobertura": 1118506.0,
    "cobertura_percentual": 84.9679994834338,
    "iteracoes": 3120,
    "tempo_execucao": 163.58684372901917,
    "posicoes_bases": [
      23,
      24,
      28,
      29,
      36,
      65,
      72,
      75,
      77,
      80,
      90,
      100,
      125
    ]
  },
  "matrix_1400x140": {
    "cobertura": 1432315.0,
    "cobertura_percentual": 83.69366674107064,
    "iteracoes": 3920,
    "tempo_execucao": 280.00358414649963,
    "posicoes_bases": [
      0,
      12,
      22,
      25,
      29,
      34,
      40,
      43,
      44,
      49,
      66,
      68,
      106,
      115
    ]
  },
  "matrix_1600x150": {
    "cobertura": 1561942.0,
    "cobertura_percentual": 81.90197930141623,
    "iteracoes": 3234,
    "tempo_execucao": 300.04164958000183,
    "posicoes_bases": [
      5,
      20,
      23,
      28,
      36,
      57,
      60,
      67,
      86,
      97,
      101,
      105,
      114,
      128,
      135
    ]
  },
  "matrix_1800x160": {
    "cobertura": 1598192.0,
    "cobertura_percentual": 78.38358909569055,
    "iteracoes": 2421,
    "tempo_execucao": 300.1144959926605,
    "posicoes_bases": [
      5,
      19,
      31,
      37,
      39,
      50,
      55,
      89,
      93,
      95,
      106,
      115,
      130,
      136,
      140,
      159
    ]
  },
  "matrix_2000x170": {
    "cobertura": 1680395.0,
    "cobertura_percentual": 72.56362290640543,
    "iteracoes": 2045,
    "tempo_execucao": 300.03394842147827,
    "posicoes_bases": [
      3,
      15,
      44,
      46,
      48,
      60,
      70,
      76,
      85,
      95,
      114,
      117,
      127,
      141,
      142,
      147,
      161
    ]
  }
}