{
  "matrix_0100x030": {
    "cobertura": 128437.0,
    "cobertura_percentual": 83.25792148524607,
    "cobertura_media_por_base": 25687.4,
    "dimensao_matriz": [
      100,
      30
    ],
    "num_bases": 5,
    "populacao_total": 154264.0,
    "tempo_execucao": 2.112088441848755,
    "iteracoes": 100
  },
  "matrix_0200x040": {
    "cobertura": 157210.0,
    "cobertura_percentual": 74.43655303030303,
    "cobertura_media_por_base": 31442.0,
    "dimensao_matriz": [
      200,
      40
    ],
    "num_bases": 5,
    "populacao_total": 211200.0,
    "tempo_execucao": 2.204679012298584,
    "iteracoes": 100
  },
  "matrix_0300x050": {
    "cobertura": 228920.0,
    "cobertura_percentual": 67.16998183722752,
    "cobertura_media_por_base": 45784.0,
    "dimensao_matriz": [
      300,
      50
    ],
    "num_bases": 5,
    "populacao_total": 340807.0,
    "tempo_execucao": 2.1856625080108643,
    "iteracoes": 100
  },
  "matrix_0400x060": {
    "cobertura": 382799.0,
    "cobertura_percentual": 77.35047657151401,
    "cobertura_media_por_base": 63799.833333333336,
    "dimensao_matriz": [
      400,
      60
    ],
    "num_bases": 6,
    "populacao_total": 494889.0,
    "tempo_execucao": 2.2660398483276367,
    "iteracoes": 100
  },
  "matrix_0500x070": {
    "cobertura": 433519.0,
    "cobertura_percentual": 79.86054951229173,
    "cobertura_media_por_base": 61931.28571428572,
    "dimensao_matriz": [
      500,
      70
    ],
    "num_bases": 7,
    "populacao_total": 542845.0,
    "tempo_execucao": 2.331794261932373,
    "iteracoes": 100
  },
  "matrix_0600x080": {
    "cobertura": 631028.0,
    "cobertura_percentual": 82.60999340196685,
    "cobertura_media_por_base": 78878.5,
    "dimensao_matriz": [
      600,
      80
    ],
    "num_bases": 8,
    "populacao_total": 763864.0,
    "tempo_execucao": 2.525738477706909,
    "iteracoes": 100
  },
  "matrix_0700x090": {
    "cobertura": 745643.0,
    "cobertura_percentual": 81.583945870598,
    "cobertura_media_por_base": 82849.22222222222,
    "dimensao_matriz": [
      700,
      90
    ],
    "num_bases": 9,
    "populacao_total": 913958.0,
    "tempo_execucao": 2.5320053100585938,
    "iteracoes": 100
  },
  "matrix_0800x100": {
    "cobertura": 815986.0,
    "cobertura_percentual": 84.79732468164084,
    "cobertura_media_por_base": 81598.6,
    "dimensao_matriz": [
      800,
      100
    ],
    "num_bases": 10,
    "populacao_total": 962278.0,
    "tempo_execucao": 2.6693148612976074,
    "iteracoes": 100
  },
  "matrix_0900x110": {
    "cobertura": 883224.0,
    "cobertura_percentual": 84.71587573807852,
    "cobertura_media_por_base": 80293.09090909091,
    "dimensao_matriz": [
      900,
      110
    ],
    "num_bases": 11,
    "populacao_total": 1042572.0,
    "tempo_execucao": 2.9097161293029785,
    "iteracoes": 100
  },
  "matrix_1000x120": {
    "cobertura": 989284.0,
    "cobertura_percentual": 87.38493718305554,
    "cobertura_media_por_base": 82440.33333333333,
    "dimensao_matriz": [
      1000,
      120
    ],
    "num_bases": 12,
    "populacao_total": 1132099.0,
    "tempo_execucao": 3.0212528705596924,
    "iteracoes": 100
  },
  "matrix_1200x130": {
    "cobertura": 1182079.0,
    "cobertura_percentual": 85.8387820131117,
    "cobertura_media_por_base": 90929.15384615384,
    "dimensao_matriz": [
      1200,
      130
    ],
    "num_bases": 13,
    "populacao_total": 1377092.0,
    "tempo_execucao": 3.2731380462646484,
    "iteracoes": 100
  },
  "matrix_1400x140": {
    "cobertura": 1400977.0,
    "cobertura_percentual": 82.5788239898664,
    "cobertura_media_por_base": 100069.78571428571,
    "dimensao_matriz": [
      1400,
      140
    ],
    "num_bases": 14,
    "populacao_total": 1696533.0,
    "tempo_execucao": 3.7352259159088135,
    "iteracoes": 100
  },
  "matrix_1600x150": {
    "cobertura": 1528066.0,
    "cobertura_percentual": 80.41606146721398,
    "cobertura_media_por_base": 101871.06666666667,
    "dimensao_matriz": [
      1600,
      150
    ],
    "num_bases": 15,
    "populacao_total": 1900200.0,
    "tempo_execucao": 4.231112718582153,
    "iteracoes": 100
  },
  "matrix_1800x160": {
    "cobertura": 1695454.0,
    "cobertura_percentual": 77.95950685767991,
    "cobertura_media_por_base": 105965.875,
    "dimensao_matriz": [
      1800,
      160
    ],
    "num_bases": 16,
    "populacao_total": 2174788.0,
    "tempo_execucao": 4.429723501205444,
    "iteracoes": 100
  },
  "matrix_2000x170": {
    "cobertura": 1621130.0,
    "cobertura_percentual": 71.59500526872252,
    "cobertura_media_por_base": 95360.58823529411,
    "dimensao_matriz": [
      2000,
      170
    ],
    "num_bases": 17,
    "populacao_total": 2264306.0,
    "tempo_execucao": 4.56318736076355,
    "iteracoes": 100
  }
}