{
  "matrix_0100x030": {
    "cobertura": 101139.0,
    "cobertura_percentual": 79.18992773084241,
    "iteracoes": 60,
    "tempo_execucao": 0.06337428092956543,
    "posicoes_bases": [
      0,
      2,
      9,
      10,
      17
    ],
    "dimensao_matriz": [
      100,
      30
    ],
    "num_bases": 5,
    "populacao_total": 127717.0,
    "densidade_matriz": 0.156,
    "pontos_cobertos": 71,
    "porcentagem_pontos_cobertos": 71.0,
    "celulas_cobertas": 91,
    "porcentagem_celulas_cobertas": 18.2,
    "cobertura_media_por_base": 20227.8,
    "pontos_por_base": 20.0,
    "populacao_media_por_ponto": 1277.17,
    "tempo_por_iteracao": 0.0010562380154927572,
    "iteracoes_por_segundo": 946.756304291395
  },
  "matrix_0200x040": {
    "cobertura": 236247.0,
    "cobertura_percentual": 80.56246099704344,
    "iteracoes": 160,
    "tempo_execucao": 0.2698025703430176,
    "posicoes_bases": [
      14,
      19,
      20,
      37,
      39
    ],
    "dimensao_matriz": [
      200,
      40
    ],
    "num_bases": 5,
    "populacao_total": 293247.0,
    "densidade_matriz": 0.1455,
    "pontos_cobertos": 127,
    "porcentagem_pontos_cobertos": 63.5,
    "celulas_cobertas": 169,
    "porcentagem_celulas_cobertas": 16.900000000000002,
    "cobertura_media_por_base": 47249.4,
    "pontos_por_base": 40.0,
    "populacao_media_por_ponto": 1466.235,
    "tempo_por_iteracao": 0.0016862660646438598,
    "iteracoes_por_segundo": 593.0262257938521
  },
  "matrix_0300x050": {
    "cobertura": 221760.0,
    "cobertura_percentual": 70.64625265210161,
    "iteracoes": 300,
    "tempo_execucao": 0.6786856651306152,
    "posicoes_bases": [
      9,
      19,
      21,
      27,
      35
    ],
    "dimensao_matriz": [
      300,
      50
    ],
    "num_bases": 5,
    "populacao_total": 313902.0,
    "densidade_matriz": 0.1374,
    "pontos_cobertos": 175,
    "porcentagem_pontos_cobertos": 58.333333333333336,
    "celulas_cobertas": 233,
    "porcentagem_celulas_cobertas": 15.533333333333331,
    "cobertura_media_por_base": 44352.0,
    "pontos_por_base": 60.0,
    "populacao_media_por_ponto": 1046.34,
    "tempo_por_iteracao": 0.002262285550435384,
    "iteracoes_por_segundo": 442.03084787751345
  },
  "matrix_0400x060": {
    "cobertura": 357403.0,
    "cobertura_percentual": 73.74090625863982,
    "iteracoes": 480,
    "tempo_execucao": 1.801309585571289,
    "posicoes_bases": [
      4,
      10,
      20,
      27,
      42,
      53
    ],
    "dimensao_matriz": [
      400,
      60
    ],
    "num_bases": 6,
    "populacao_total": 484674.0,
    "densidade_matriz": 0.13325,
    "pontos_cobertos": 273,
    "porcentagem_pontos_cobertos": 68.25,
    "celulas_cobertas": 356,
    "porcentagem_celulas_cobertas": 14.833333333333334,
    "cobertura_media_por_base": 59567.166666666664,
    "pontos_por_base": 66.66666666666667,
    "populacao_media_por_ponto": 1211.685,
    "tempo_por_iteracao": 0.003752728303273519,
    "iteracoes_por_segundo": 266.47279504026346
  },
  "matrix_0500x070": {
    "cobertura": 472234.0,
    "cobertura_percentual": 81.64078910289768,
    "iteracoes": 700,
    "tempo_execucao": 4.0279700756073,
    "posicoes_bases": [
      6,
      18,
      20,
      24,
      45,
      46,
      63
    ],
    "dimensao_matriz": [
      500,
      70
    ],
    "num_bases": 7,
    "populacao_total": 578429.0,
    "densidade_matriz": 0.1263142857142857,
    "pontos_cobertos": 354,
    "porcentagem_pontos_cobertos": 70.8,
    "celulas_cobertas": 506,
    "porcentagem_celulas_cobertas": 14.457142857142857,
    "cobertura_media_por_base": 67462.0,
    "pontos_por_base": 71.42857142857143,
    "populacao_media_por_ponto": 1156.858,
    "tempo_por_iteracao": 0.005754242965153285,
    "iteracoes_por_segundo": 173.78480645600638
  },
  "matrix_0600x080": {
    "cobertura": 570731.0,
    "cobertura_percentual": 80.85692063361634,
    "iteracoes": 960,
    "tempo_execucao": 8.764999389648438,
    "posicoes_bases": [
      5,
      7,
      13,
      18,
      20,
      23,
      51,
      79
    ],
    "dimensao_matriz": [
      600,
      80
    ],
    "num_bases": 8,
    "populacao_total": 705853.0,
    "densidade_matriz": 0.12091666666666667,
    "pontos_cobertos": 425,
    "porcentagem_pontos_cobertos": 70.83333333333334,
    "celulas_cobertas": 614,
    "porcentagem_celulas_cobertas": 12.791666666666668,
    "cobertura_media_por_base": 71341.375,
    "pontos_por_base": 75.0,
    "populacao_media_por_ponto": 1176.4216666666666,
    "tempo_por_iteracao": 0.009130207697550456,
    "iteracoes_por_segundo": 109.52653358239486
  },
  "matrix_0700x090": {
    "cobertura": 722873.0,
    "cobertura_percentual": 84.84902905328,
    "iteracoes": 1260,
    "tempo_execucao": 18.06559944152832,
    "posicoes_bases": [
      16,
      19,
      35,
      40,
      46,
      47,
      49,
      59,
      61
    ],
    "dimensao_matriz": [
      700,
      90
    ],
    "num_bases": 9,
    "populacao_total": 851952.0,
    "densidade_matriz": 0.11493650793650793,
    "pontos_cobertos": 516,
    "porcentagem_pontos_cobertos": 73.71428571428571,
    "celulas_cobertas": 779,
    "porcentagem_celulas_cobertas": 12.365079365079366,
    "cobertura_media_por_base": 80319.22222222222,
    "pontos_por_base": 77.77777777777777,
    "populacao_media_por_ponto": 1217.0742857142857,
    "tempo_por_iteracao": 0.014337777334546286,
    "iteracoes_por_segundo": 69.74581740717517
  },
  "matrix_0800x100": {
    "cobertura": 909725.0,
    "cobertura_percentual": 86.52815440528153,
    "iteracoes": 1600,
    "tempo_execucao": 31.28325366973877,
    "posicoes_bases": [
      17,
      30,
      36,
      38,
      44,
      46,
      64,
      74,
      81,
      83
    ],
    "dimensao_matriz": [
      800,
      100
    ],
    "num_bases": 10,
    "populacao_total": 1051363.0,
    "densidade_matriz": 0.1108875,
    "pontos_cobertos": 614,
    "porcentagem_pontos_cobertos": 76.75,
    "celulas_cobertas": 967,
    "porcentagem_celulas_cobertas": 12.0875,
    "cobertura_media_por_base": 90972.5,
    "pontos_por_base": 80.0,
    "populacao_media_por_ponto": 1314.20375,
    "tempo_por_iteracao": 0.01955203354358673,
    "iteracoes_por_segundo": 51.14557510198269
  },
  "matrix_0900x110": {
    "cobertura": 941949.0,
    "cobertura_percentual": 85.71268680144244,
    "iteracoes": 1980,
    "tempo_execucao": 56.517756938934326,
    "posicoes_bases": [
      1,
      7,
      22,
      30,
      48,
      59,
      62,
      84,
      87,
      93,
      105
    ],
    "dimensao_matriz": [
      900,
      110
    ],
    "num_bases": 11,
    "populacao_total": 1098961.0,
    "densidade_matriz": 0.10494949494949495,
    "pontos_cobertos": 698,
    "porcentagem_pontos_cobertos": 77.55555555555556,
    "celulas_cobertas": 1114,
    "porcentagem_celulas_cobertas": 11.252525252525253,
    "cobertura_media_por_base": 85631.72727272728,
    "pontos_por_base": 81.81818181818181,
    "populacao_media_por_ponto": 1221.0677777777778,
    "tempo_por_iteracao": 0.02854432168633047,
    "iteracoes_por_segundo": 35.03323746799308
  },
  "matrix_1000x120": {
    "cobertura": 1083947.0,
    "cobertura_percentual": 86.1188530060445,
    "iteracoes": 2400,
    "tempo_execucao": 89.4079053401947,
    "posicoes_bases": [
      2,
      6,
      8,
      9,
      14,
      23,
      28,
      33,
      44,
      70,
      78,
      110
    ],
    "dimensao_matriz": [
      1000,
      120
    ],
    "num_bases": 12,
    "populacao_total": 1258664.0,
    "densidade_matriz": 0.0995,
    "pontos_cobertos": 780,
    "porcentagem_pontos_cobertos": 78.0,
    "celulas_cobertas": 1247,
    "porcentagem_celulas_cobertas": 10.391666666666667,
    "cobertura_media_por_base": 90328.91666666667,
    "pontos_por_base": 83.33333333333333,
    "populacao_media_por_ponto": 1258.664,
    "tempo_por_iteracao": 0.037253293891747793,
    "iteracoes_por_segundo": 26.843263924683885
  },
  "matrix_1200x130": {
    "cobertura": 1128820.0,