{
  "matrix_0100x030": {
    "cobertura": 128437.0,
    "cobertura_percentual": 83.25792148524607,
    "cobertura_media_por_base": 25687.4,
    "dimensao_matriz": [
      100,
      30
    ],
    "num_bases": 5,
    "populacao_total": 154264.0,
    "tempo_execucao": 0.06647205352783203,
    "iteracoes": 60
  },
  "matrix_0200x040": {
    "cobertura": 157869.0,
    "cobertura_percentual": 74.74857954545455,
    "cobertura_media_por_base": 31573.8,
    "dimensao_matriz": [
      200,
      40
    ],
    "num_bases": 5,
    "populacao_total": 211200.0,
    "tempo_execucao": 0.26326537132263184,
    "iteracoes": 160
  },
  "matrix_0300x050": {
    "cobertura": 228645.0,
    "cobertura_percentual": 67.0892910063467,
    "cobertura_media_por_base": 45729.0,
    "dimensao_matriz": [
      300,
      50
    ],
    "num_bases": 5,
    "populacao_total": 340807.0,
    "tempo_execucao": 0.7219748497009277,
    "iteracoes": 300
  },
  "matrix_0400x060": {
    "cobertura": 382799.0,
    "cobertura_percentual": 77.35047657151401,
    "cobertura_media_por_base": 63799.833333333336,
    "dimensao_matriz": [
      400,
      60
    ],
    "num_bases": 6,
    "populacao_total": 494889.0,
    "tempo_execucao": 1.8006112575531006,
    "iteracoes": 480
  },
  "matrix_0500x070": {
    "cobertura": 433519.0,
    "cobertura_percentual": 79.86054951229173,
    "cobertura_media_por_base": 61931.28571428572,
    "dimensao_matriz": [
      500,
      70
    ],
    "num_bases": 7,
    "populacao_total": 542845.0,
    "tempo_execucao": 4.127776384353638,
    "iteracoes": 700
  },
  "matrix_0600x080": {
    "cobertura": 631028.0,
    "cobertura_percentual": 82.60999340196685,
    "cobertura_media_por_base": 78878.5,
    "dimensao_matriz": [
      600,
      80
    ],
    "num_bases": 8,
    "populacao_total": 763864.0,
    "tempo_execucao": 8.367591619491577,
    "iteracoes": 960
  },
  "matrix_0700x090": {
    "cobertura": 748669.0,
    "cobertura_percentual": 81.91503329474659,
    "cobertura_media_por_base": 83185.44444444444,
    "dimensao_matriz": [
      700,
      90
    ],
    "num_bases": 9,
    "populacao_total": 913958.0,
    "tempo_execucao": 16.45748496055603,
    "iteracoes": 1260
  },
  "matrix_0800x100": {
    "cobertura": 815986.0,
    "cobertura_percentual": 84.79732468164084,
    "cobertura_media_por_base": 81598.6,
    "dimensao_matriz": [
      800,
      100
    ],
    "num_bases": 10,
    "populacao_total": 962278.0,
    "tempo_execucao": 29.33834195137024,
    "iteracoes": 1600
  },
  "matrix_0900x110": {
    "cobertura": 883224.0,
    "cobertura_percentual": 84.71587573807852,
    "cobertura_media_por_base": 80293.09090909091,
    "dimensao_matriz": [
      900,
      110
    ],
    "num_bases": 11,
    "populacao_total": 1042572.0,
    "tempo_execucao": 51.68246245384216,
    "iteracoes": 1980
  },
  "matrix_1000x120": {
    "cobertura": 989284.0,
    "cobertura_percentual": 87.38493718305554,
    "cobertura_media_por_base": 82440.33333333333,
    "dimensao_matriz": [
      1000,
      120
    ],
    "num_bases": 12,
    "populacao_total": 1132099.0,
    "tempo_execucao": 82.31965613365173,
    "iteracoes": 2400
  },
  "matrix_1200x130": {
    "cobertura": 1189140.0,
    "cobertura_percentual": 86.35152916435503,
    "cobertura_media_por_base": 91472.30769230769,
    "dimensao_matriz": [
      1200,
      130
    ],
    "num_bases": 13,
    "populacao_total": 1377092.0,
    "tempo_execucao": 148.9736909866333,
    "iteracoes": 3120
  },
  "matrix_1400x140": {
    "cobertura": 1417849.0,
    "cobertura_percentual": 83.57332277061514,
    "cobertura_media_por_base": 101274.92857142857,
    "dimensao_matriz": [
      1400,
      140
    ],
    "num_bases": 14,
    "populacao_total": 1696533.0,
    "tempo_execucao": 255.39730525016785,
    "iteracoes": 3920
  },
  "matrix_1600x150": {
    "cobertura": 1548057.0,
    "cobertura_percentual": 81.46810862014526,
    "cobertura_media_por_base": 103203.8,
    "dimensao_matriz": [
      1600,
      150
    ],
    "num_bases": 15,
    "populacao_total": 1900200.0,
    "tempo_execucao": 300.030880689621,
    "iteracoes": 3442
  },
  "matrix_1800x160": {
    "cobertura": 1702792.0,
    "cobertura_percentual": 78.29691905601834,
    "cobertura_media_por_base": 106424.5,
    "dimensao_matriz": [
      1800,
      160
    ],
    "num_bases": 16,
    "populacao_total": 2174788.0,
    "tempo_execucao": 300.1190972328186,
    "iteracoes": 2408
  },
  "matrix_2000x170": {
    "cobertura": 1638656.0,
    "cobertura_percentual": 72.36901726180119,
    "cobertura_media_por_base": 96391.5294117647,
    "dimensao_matriz": [
      2000,
      170
    ],
    "num_bases": 17,
    "populacao_total": 2264306.0,
    "tempo_execucao": 300.075763463974,
    "iteracoes": 1924
  }
}