{
  "matrix_0100x030": {
    "cobertura": 101139.0,
    "cobertura_percentual": 79.18992773084241,
    "iteracoes": 100,
    "tempo_execucao": 2.0800118446350098,
    "posicoes_bases": [
      0,
      2,
      9,
      10,
      17
    ],
    "dimensao_matriz": [
      100,
      30
    ],
    "num_bases": 5,
    "populacao_total": 127717.0,
    "densidade_matriz": 0.156,
    "pontos_cobertos": 71,
    "porcentagem_pontos_cobertos": 71.0,
    "celulas_cobertas": 91,
    "porcentagem_celulas_cobertas": 18.2,
    "cobertura_media_por_base": 20227.8,
    "pontos_por_base": 20.0,
    "populacao_media_por_ponto": 1277.17,
    "tempo_por_iteracao": 0.0208001184463501,
    "iteracoes_por_segundo": 48.07664930270986
  },
  "matrix_0200x040": {
    "cobertura": 236247.0,
    "cobertura_percentual": 80.56246099704344,
    "iteracoes": 100,
    "tempo_execucao": 2.04899263381958,
    "posicoes_bases": [
      14,
      19,
      20,
      37,
      39
    ],
    "dimensao_matriz": [
      200,
      40
    ],
    "num_bases": 5,
    "populacao_total": 293247.0,
    "densidade_matriz": 0.1455,
    "pontos_cobertos": 127,
    "porcentagem_pontos_cobertos": 63.5,
    "celulas_cobertas": 169,
    "porcentagem_celulas_cobertas": 16.900000000000002,
    "cobertura_media_por_base": 47249.4,
    "pontos_por_base": 40.0,
    "populacao_media_por_ponto": 1466.235,
    "tempo_por_iteracao": 0.0204899263381958,
    "iteracoes_por_segundo": 48.80447023061641
  },
  "matrix_0300x050": {
    "cobertura": 221760.0,
    "cobertura_percentual": 70.64625265210161,
    "iteracoes": 100,
    "tempo_execucao": 2.0816452503204346,
    "posicoes_bases": [
      9,
      19,
      21,
      27,
      35
    ],
    "dimensao_matriz": [
      300,
      50
    ],
    "num_bases": 5,
    "populacao_total": 313902.0,
    "densidade_matriz": 0.1374,
    "pontos_cobertos": 175,
    "porcentagem_pontos_cobertos": 58.333333333333336,
    "celulas_cobertas": 233,
    "porcentagem_celulas_cobertas": 15.533333333333331,
    "cobertura_media_por_base": 44352.0,
    "pontos_por_base": 60.0,
    "populacao_media_por_ponto": 1046.34,
    "tempo_por_iteracao": 0.020816452503204345,
    "iteracoes_por_segundo": 48.03892497273811
  },
  "matrix_0400x060": {
    "cobertura": 359715.0,
    "cobertura_percentual": 74.21792792681266,
    "iteracoes": 100,
    "tempo_execucao": 2.136587142944336,
    "posicoes_bases": [
      7,
      10,
      20,
      39,
      42,
      50
    ],
    "dimensao_matriz": [
      400,
      60
    ],
    "num_bases": 6,
    "populacao_total": 484674.0,
    "densidade_matriz": 0.13325,
    "pontos_cobertos": 258,
    "porcentagem_pontos_cobertos": 64.5,
    "celulas_cobertas": 343,
    "porcentagem_celulas_cobertas": 14.291666666666666,
    "cobertura_media_por_base": 59952.5,
    "pontos_por_base": 66.66666666666667,
    "populacao_media_por_ponto": 1211.685,
    "tempo_por_iteracao": 0.02136587142944336,
    "iteracoes_por_segundo": 46.80361403944163
  },
  "matrix_0500x070": {
    "cobertura": 472234.0,
    "cobertura_percentual": 81.64078910289768,
    "iteracoes": 100,
    "tempo_execucao": 2.2988274097442627,
    "posicoes_bases": [
      6,
      18,
      20,
      24,
      45,
      46,
      63
    ],
    "dimensao_matriz": [
      500,
      70
    ],
    "num_bases": 7,
    "populacao_total": 578429.0,
    "densidade_matriz": 0.1263142857142857,
    "pontos_cobertos": 354,
    "porcentagem_pontos_cobertos": 70.8,
    "celulas_cobertas": 506,
    "porcentagem_celulas_cobertas": 14.457142857142857,
    "cobertura_media_por_base": 67462.0,
    "pontos_por_base": 71.42857142857143,
    "populacao_media_por_ponto": 1156.858,
    "tempo_por_iteracao": 0.022988274097442626,
    "iteracoes_por_segundo": 43.50043834353127
  },
  "matrix_0600x080": {
    "cobertura": 570214.0,
    "cobertura_percentual": 80.7836759211904,
    "iteracoes": 100,
    "tempo_execucao": 2.3974196910858154,
    "posicoes_bases": [
      3,
      5,
      10,
      13,
      16,
      37,
      51,
      67
    ],
    "dimensao_matriz": [
      600,
      80
    ],
    "num_bases": 8,
    "populacao_total": 705853.0,
    "densidade_matriz": 0.12091666666666667,
    "pontos_cobertos": 413,
    "porcentagem_pontos_cobertos": 68.83333333333333,
    "celulas_cobertas": 615,
    "porcentagem_celulas_cobertas": 12.812499999999998,
    "cobertura_media_por_base": 71276.75,
    "pontos_por_base": 75.0,
    "populacao_media_por_ponto": 1176.4216666666666,
    "tempo_por_iteracao": 0.023974196910858156,
    "iteracoes_por_segundo": 41.71151191083652
  },
  "matrix_0700x090": {
    "cobertura": 720481.0,
    "cobertura_percentual": 84.5682620617124,
    "iteracoes": 100,
    "tempo_execucao": 2.472295045852661,
    "posicoes_bases": [
      2,
      12,
      37,
      47,
      62,
      69,
      71,
      77,
      85
    ],
    "dimensao_matriz": [
      700,
      90
    ],
    "num_bases": 9,
    "populacao_total": 851952.0,
    "densidade_matriz": 0.11493650793650793,
    "pontos_cobertos": 517,
    "porcentagem_pontos_cobertos": 73.85714285714286,
    "celulas_cobertas": 808,
    "porcentagem_celulas_cobertas": 12.825396825396826,
    "cobertura_media_por_base": 80053.44444444444,
    "pontos_por_base": 77.77777777777777,
    "populacao_media_por_ponto": 1217.0742857142857,
    "tempo_por_iteracao": 0.024722950458526613,
    "iteracoes_por_segundo": 40.448246728380006
  },
  "matrix_0800x100": {
    "cobertura": 903396.0,
    "cobertura_percentual": 85.92617392850994,
    "iteracoes": 100,
    "tempo_execucao": 2.5509681701660156,
    "posicoes_bases": [
      17,
      22,
      29,
      36,
      38,
      46,
      64,
      74,
      85,
      97
    ],
    "dimensao_matriz": [
      800,
      100
    ],
    "num_bases": 10,
    "populacao_total": 1051363.0,
    "densidade_matriz": 0.1108875,
    "pontos_cobertos": 602,
    "porcentagem_pontos_cobertos": 75.25,
    "celulas_cobertas": 964,
    "porcentagem_celulas_cobertas": 12.049999999999999,
    "cobertura_media_por_base": 90339.6,
    "pontos_por_base": 80.0,
    "populacao_media_por_ponto": 1314.20375,
    "tempo_por_iteracao": 0.025509681701660156,
    "iteracoes_por_segundo": 39.2008027263986
  },
  "matrix_0900x110": {
    "cobertura": 940292.0,
    "cobertura_percentual": 85.5619080203938,
    "iteracoes": 100,
    "tempo_execucao": 2.6415696144104004,
    "posicoes_bases": [
      1,
      9,
      29,
      40,
      48,
      51,
      59,
      62,
      80,
      84,
      87
    ],
    "dimensao_matriz": [
      900,
      110
    ],
    "num_bases": 11,
    "populacao_total": 1098961.0,
    "densidade_matriz": 0.10494949494949495,
    "pontos_cobertos": 699,
    "porcentagem_pontos_cobertos": 77.66666666666666,
    "celulas_cobertas": 1156,
    "porcentagem_celulas_cobertas": 11.676767676767676,
    "cobertura_media_por_base": 85481.09090909091,
    "pontos_por_base": 81.81818181818181,
    "populacao_media_por_ponto": 1221.0677777777778,
    "tempo_por_iteracao": 0.026415696144104005,
    "iteracoes_por_segundo": 37.85628039271645
  },
  "matrix_1000x120": {
    "cobertura": 1081715.0,
    "cobertura_percentual": 85.94152212186891,
    "iteracoes": 100,
    "tempo_execucao": 2.8441662788391113,
    "posicoes_bases": [
      5,
      7,
      9,
      14,
      33,
      49,
      63,
      70,
      78,
      79,
      105,
      110
    ],
    "dimensao_matriz": [
      1000,
      120
    ],
    "num_bases": 12,
    "populacao_total": 1258664.0,
    "densidade_matriz": 0.0995,
    "pontos_cobertos": 778,
    "porcentagem_pontos_cobertos": 77.8,
    "celulas_cobertas": 1275,
    "porcentagem_celulas_cobertas": 10.625,
    "cobertura_media_por_base": 90142.91666666667,
    "pontos_por_base": 83.33333333333333,
    "populacao_media_por_ponto": 1258.664,
    "tempo_por_iteracao": 0.028441662788391112,
    "iteracoes_por_segundo": 35.159688357185814
  },
  "matrix_1200x130": {
    "cobertura": 1111425.0,